{
  "project_info": {
    "project_number": "394297364683",
    "firebase_url": "https://catrak-b3603-default-rtdb.firebaseio.com",
    "project_id": "catrak-b3603",
    "storage_bucket": "catrak-b3603.appspot.com"
  },
  "client": [
    {
      "client_info": {
        "mobilesdk_app_id": "1:394297364683:android:eb94a7fe80315f24904b4e",
        "android_client_info": {
          "package_name": "com.catrak.catrak"
        }
      },
      "oauth_client": [
        {
          "client_id": "394297364683-oelj4rplivt7t5vdusptf0ms7lloplpm.apps.googleusercontent.com",
          "client_type": 3
        }
      ],
      "api_key": [
        {
          "current_key": "AIzaSyCREgjlyydXnty_YcqgfmpZRM5Zk2QBQIU"
        }
      ],
      "services": {
        "appinvite_service": {
          "other_platform_oauth_client": [
            {
              "client_id": "394297364683-oelj4rplivt7t5vdusptf0ms7lloplpm.apps.googleusercontent.com",
              "client_type": 3
            }
          ]
        }
      }
    }
  ],
  "configuration_version": "1"
}